video_url,video_description,like_count,sentiment,video_path,audio_path,raw_transcription,transcription,detected_language,transcription_status,transcription_error,language_probability,audio_duration_seconds,facial_expression,facial_expression_confidence,facial_expression_status,face_frames_analyzed,valid_windows,window_agreement,confidence_margin,facial_expression_model,facial_expression_error
https://www.tiktok.com/@aarinnola/video/7593777591492807958,"The CeraVe moisturizing lotion is my most purchased moisturizer. 4 years locked in and I'm not looking back anytime soon. I'm such a loyal babe. What is your most purchased moisturizer? Have you tried the skincare lotion moisturizer? CeraVe moisturizing lotion before

#skincare #lotion #moisturizer",31,positive,data\videos\video_001.mp4,data\audios\video_001.mp3,"And here's my most purchased moisturizer. I used to serve it moisturizer as an illusion. Many people use this for the upper level, I use it on my face, I use it for about 4 years now. It cost me about 19.99ft by from SuperDrix store, and I love that it's very much available and affordable. I think 49.99ft in 4 months, that's a very good buy for me. I have acne, slash sensitive skin, so everything triggers my skin, but this has helped me to keep that on that control. I would just believe that your cleansers are moisturizing illusions. She just becomes as an moisturizer, like they shouldn't contain active, and that's just what this is. It doesn't contain any active. The major ingredients in this are 3 essential ceremonies are already acid, and that would help you from your skin and hydrate your skin. At the last 4 years of me using it, this has become my most purchased moisturizer. Also, it staples in my skincare stash. I've used this before, I really love to know. What skincare product you should buy in this really saturated market. Please do give me a follow, I'll be posting all of my beauty finds.","And here's my most purchased moisturizer. I used to CeraVe moisturizer as an illusion. Many people use this for the upper level, I use it on my face, I use it for about 4 years now. It cost me about 19.99ft by from SuperDrix store, and I love that it's very much available and affordable. I think 49.99ft in 4 months, that's a very good buy for me. I have acne, slash sensitive skin, so everything triggers my skin, but this has helped me to keep that on that control. I would just believe that your cleansers are moisturizing illusions. She just becomes as an moisturizer, like they shouldn't contain active, and that's just what this is. It doesn't contain any active. The major ingredients in this are 3 essential ceramides are hyaluronic acid, and that would help you from your skin and hydrate your skin. At the last 4 years of me using it, this has become my most purchased moisturizer. Also, it staples in my skincare stash. I've used this before, I really love to know. What skincare product you should buy in this really saturated market. Please do give me a follow, I'll be posting all of my beauty finds.",en,success,,1.0,62.14,neutral,0.3599,uncertain,50,5,5/5,0.1896,ElenaRyumina/face_emotion_recognition,
https://www.tiktok.com/@rubysacne/video/7628636046015646989,Replying to @shelbie_banister17 my thoughts on the new Cerave mineralspf #mineralsunscreen # “Invisible” mineral sunscreen #cerave,1499,neutral,data\videos\video_002.mp4,data\audios\video_002.mp3,"Sarah V has one of the worst mineral sunscreens I've ever tried, but people say that their newest release is probably one of the best mineral sunscreens. So let's try it out. I haven't looked at the ingredients, but because this claims to be an invisible mineral sunscreen, I'm sure there has to be SPF boosters in this. And right off the bat, this is a lighter weight texture than I was expecting. It's dripping all over my hands. It's got a little messy, so I'm just going to put a few more pumps just to make sure I get proper coverage. As I blend this in, it feels kind of like an oily serum texture, and it doesn't have a strong scent, which I really appreciate because the one that I hate from them has the strongest scent ever. Here's what it looks like fully blended out, and I'm very shocked that there really is no white cast. However, my face feels very oily and very wet, so I'm going to let this settle for 15 minutes, and then I'll be back. It's been about 20 minutes, and here's how the skin is looking. And overall, it looks pretty good, but as you can probably tell, my skin still looks oily, and it definitely feels oily. I will be applying makeup today, so we're going to see how this does, and hopefully it doesn't pill, but I'll see you guys at the end of the day to give you my final thoughts. As you can clearly see this performed really well under makeup, however, I did have a little bit of pilling under my eyes before I applied the makeup, so I'm not sure what that was about. Also, it did eventually dry down and leave a satin-like finish, but it did still feel the slightest bit oily. Overall, I rate this like a 7.5 out of 10. It's really not a bad sunscreen, but it's a little too oily for my liking, and that pilling was a little weird. So you might have to be careful with what skin care you put under this. Anyways, let me know if you've tried this before, and let me know what I should try next.","CeraVe has one of the worst mineral sunscreens I've ever tried, but people say that their newest release is probably one of the best mineral sunscreens. So let's try it out. I haven't looked at the ingredients, but because this claims to be an invisible mineral sunscreen, I'm sure there has to be SPF boosters in this. And right off the bat, this is a lighter weight texture than I was expecting. It's dripping all over my hands. It's got a little messy, so I'm just going to put a few more pumps just to make sure I get proper coverage. As I blend this in, it feels kind of like an oily serum texture, and it doesn't have a strong scent, which I really appreciate because the one that I hate from them has the strongest scent ever. Here's what it looks like fully blended out, and I'm very shocked that there really is no white cast. However, my face feels very oily and very wet, so I'm going to let this settle for 15 minutes, and then I'll be back. It's been about 20 minutes, and here's how the skin is looking. And overall, it looks pretty good, but as you can probably tell, my skin still looks oily, and it definitely feels oily. I will be applying makeup today, so we're going to see how this does, and hopefully it doesn't pill, but I'll see you guys at the end of the day to give you my final thoughts. As you can clearly see this performed really well under makeup, however, I did have a little bit of pilling under my eyes before I applied the makeup, so I'm not sure what that was about. Also, it did eventually dry down and leave a satin-like finish, but it did still feel the slightest bit oily. Overall, I rate this like a 7.5 out of 10. It's really not a bad sunscreen, but it's a little too oily for my liking, and that pilling was a little weird. So you might have to be careful with what skincare you put under this. Anyways, let me know if you've tried this before, and let me know what I should try next.",en,success,,1.0,103.84,neutral,0.3289,uncertain,50,5,4/5,0.1425,ElenaRyumina/face_emotion_recognition,
https://www.tiktok.com/@thementorg1/video/7631321178551897357,"Is CeraVe ruining your skin? 🧴👎 Most men are blindly using this product without understanding what it’s actually doing to their face. In this video, I break down why it might be time to leave CeraVe behind — and what to use instead if you want real results.Whether you’re struggling with dry skin, breakouts, or dull texture — this is your wake-up call. Tap in and upgrade your skincare routine. 📍For more self-care, skincare, and CeraVe #SkincareForMen# .cologne game for men, follow thementorg# SelfCareForMen# GroomingTips# StopUsingThis# MenSkinCare# MenGlowUp# MensRoutine# FaceCare# TheMentorg# SkincareMistakes# SkincareTruth# ClearSkinJourney# FragranceAndFace# MensLifestyle# HealthySkinTips#",34,negative,data\videos\video_003.mp4,data\audios\video_003.mp3,"You have been doing skincare all wrong and I'm about to tell you why first off Do not use this This can really be bad for your skin and I'm just running out and it might be for the people You use this wonder why your skin gets all pealy itchy flaky or anything like that. We're bumpy. My started to get like that I noticed once I stopped using that I Didn't get any more blemishes or anything like that So this might be issue. I don't know if it's a allergic reaction some people might have but I noticed other people want to take that saying that too So stop using CRB, I'm just saying this really right here is Really could be messing up your skin and just letting you know This could be the reason why you have that acne those itchy patches or anything like that because that's what I was getting","You have been doing skincare all wrong and I'm about to tell you why first off Do not use this This can really be bad for your skin and I'm just running out and it might be for the people You use this wonder why your skin gets all pealy itchy flaky or anything like that. We're bumpy. My started to get like that I noticed once I stopped using that I Didn't get any more blemishes or anything like that So this might be issue. I don't know if it's a allergic reaction some people might have but I noticed other people want to take that saying that too So stop using CeraVe, I'm just saying this really right here is Really could be messing up your skin and just letting you know This could be the reason why you have that acne those itchy patches or anything like that because that's what I was getting",en,success,,1.0,45.84,neutral,0.1682,uncertain,50,5,3/5,-0.0106,ElenaRyumina/face_emotion_recognition,
https://www.tiktok.com/@adamrobertlamb/video/7437790256453225761,"Rating Popular CeraVe Cleansers from BEST to WORST!
#skincare101 #ceraveskincare #cerave #affordableskincare #skincaretips #skincaretiktok",164,neutral,data\videos\video_004.mp4,data\audios\video_004.mp3,"From rating popular survey cleansers from best to worse. The essays moving cleanser also known as the SA renewing cleanser is great for people who are breakout prone to have enlarged pores and texture as it contains salicylic acid. It lavas up really nicely and I have combination skin and this didn't dry my skin out. Definitely a 5 out of 5. The hydrating cleanser is so good for skin that's dry and sensitive especially if you've overused your active and your skin needs a little bit of TLC. It's great for morning cleanser and it's creamy, nourishing and effective definitely a 5 out of 5 for me. The filming cleanser is great for oily combination to normal skin types that enjoy that nice bubbly lava on the skin. I enjoy it a lot and it has your typical ingredients like nice cine'mard handle, casted and survey staple surmard formulation, a 4 out of 5 for me. The blemish control cleanser is very similar to the SA cleanser but nice in a mind is higher on the ingredients list. Great for oily skin types due to the oily absorbing technology is good but personally I would pick the SA cleanser over this one, a 3 out of 5 for me. The hydrating cream to foam cleanser is nourishing and creamy but it lavas up well and is stated to remove makeup and SPF. It does have a amino acid so it will help with hydration. I have enjoyed this but I do prefer a separate bonk cleanser in the evening, a 3 out of 5 for me.","From rating popular CeraVe cleansers from best to worse. The essays moving cleanser also known as the SA renewing cleanser is great for people who are breakout prone to have enlarged pores and texture as it contains salicylic acid. It lavas up really nicely and I have combination skin and this didn't dry my skin out. Definitely a 5 out of 5. The hydrating cleanser is so good for skin that's dry and sensitive especially if you've overused your active and your skin needs a little bit of TLC. It's great for morning cleanser and it's creamy, nourishing and effective definitely a 5 out of 5 for me. The filming cleanser is great for oily combination to normal skin types that enjoy that nice bubbly lava on the skin. I enjoy it a lot and it has your typical ingredients like nice cine'mard handle, casted and CeraVe staple surmard formulation, a 4 out of 5 for me. The blemish control cleanser is very similar to the SA cleanser but nice in a mind is higher on the ingredients list. Great for oily skin types due to the oily absorbing technology is good but personally I would pick the SA cleanser over this one, a 3 out of 5 for me. The hydrating cream to foam cleanser is nourishing and creamy but it lavas up well and is stated to remove makeup and SPF. It does have a amino acid so it will help with hydration. I have enjoyed this but I do prefer a separate bonk cleanser in the evening, a 3 out of 5 for me.",en,success,,1.0,65.16,no_face,0.0,no_face,0,0,0/0,0.0,ElenaRyumina/face_emotion_recognition,
https://www.tiktok.com/@natalie_oneillll/video/7324377521313582368,"I’ve said goodbye to ever working with Cerave many times, what’s another one? These are 4 acne products that I personally think often make acne a lot worse. Sometimes the product is poor, other times its the way it’s used incorrectly (usually shown on social media this way). This is a video for the edge cases, I’m sure many people also love these #badskincarehabits #worstskincareadvice #worstskincareproducts #skincaresmashorpass #viralskincare #overratedskincare",72100,negative,data\videos\video_005.mp4,data\audios\video_005.mp3,"It's time to roast some of the worst skincare products that are designed to make your skin look better, but I personally think make acne 100 transverse. Or even better, give you acne when you had number four, love that. Number one, the most overrated cleanser, the cerevy renewing salsa, like acid cleanser. Salicylic acid is a well-known anti acne and texture smoothing ingredient, but I think where people go wrong with this is they use it morning and night because most people just want to buy one cleanser, get it. I get it, but have you considered that if you use this morning and night, you're exfoliating twice a day, aka 14 times a week. That is why I think this ends up making people's skin look way worse. Even if it gets rid of their acne, is your skin still red, dry, dull? Are you trying to find products that make it look better? Might be why. In at number two, dermatologists recommend cerevy again all the time. Their moisturizers and their sunscreens, in my opinion, are the cause of a lot of people's acne. Certainly for a lot of people, they're just making it worse, giving you more breakouts than you really needed to have. They have this reputation of being flawless, perfect for acne-prone skin, but in reality, I think a lot of the formulas are actually quite bad for acne-prone skin. Very strange, and have you noticed since they got popular, the price is just keeping creasing. Love that. In at number three, we've got the ordinary's peeling solution. If I was creating a starter kit for chemical burns, I'd put this one in there. Or if you've got some crusty skin on your feet, this would be great for that, because it's industrial strength. This might exfoliate your skin to the high heavens, but is that actually what you want? Would you rather a gentler exfoliant, which makes your skin look glowy rather than zapping all the life out there? My case is closed. And lastly, sicker plus, everyone loves her, so I'm not going to rip her too hard. Not great for acne-prone skin, not actually meant to be used as a moisturizer all over the face. It's actually not her fault.","It's time to roast some of the worst skincare products that are designed to make your skin look better, but I personally think make acne 100 transverse. Or even better, give you acne when you had number four, love that. Number one, the most overrated cleanser, the cerevy renewing salsa, like acid cleanser. Salicylic acid is a well-known anti acne and texture smoothing ingredient, but I think where people go wrong with this is they use it morning and night because most people just want to buy one cleanser, get it. I get it, but have you considered that if you use this morning and night, you're exfoliating twice a day, aka 14 times a week. That is why I think this ends up making people's skin look way worse. Even if it gets rid of their acne, is your skin still red, dry, dull? Are you trying to find products that make it look better? Might be why. In at number two, dermatologists recommend cerevy again all the time. Their moisturizers and their sunscreens, in my opinion, are the cause of a lot of people's acne. Certainly for a lot of people, they're just making it worse, giving you more breakouts than you really needed to have. They have this reputation of being flawless, perfect for acne-prone skin, but in reality, I think a lot of the formulas are actually quite bad for acne-prone skin. Very strange, and have you noticed since they got popular, the price is just keeping creasing. Love that. In at number three, we've got the ordinary's peeling solution. If I was creating a starter kit for chemical burns, I'd put this one in there. Or if you've got some crusty skin on your feet, this would be great for that, because it's industrial strength. This might exfoliate your skin to the high heavens, but is that actually what you want? Would you rather a gentler exfoliant, which makes your skin look glowy rather than zapping all the life out there? My case is closed. And lastly, sicker plus, everyone loves her, so I'm not going to rip her too hard. Not great for acne-prone skin, not actually meant to be used as a moisturizer all over the face. It's actually not her fault.",en,success,,1.0,90.42,neutral,0.2429,uncertain,50,5,3/5,0.0063,ElenaRyumina/face_emotion_recognition,
https://www.tiktok.com/@xomissvi/video/7661419405603065102,"I had my tinted SPF on for about a little over 8 hours so it was time to remove once I got home from work. I wasn't impressed by this makeup melter. It claimed to be able to remove waterproof and stubborn makeup but it did not. I'd had other amazing makeup remover products that does the job super quickly with little effort. This one I'll rate a 6/10 😳

#makeup #fyp #skin #ceravepartner #cerave",7,neutral,data\videos\video_006.mp4,data\audios\video_006.mp3,"I just got home for more and I posted that I tried the noose therapy Sure tinted as Pia and I am wanted to remove it now. This is how long it stayed on a super Dooley and glowy so if you're dry skin, I feel like you're gonna like this sunscreen. I did post about it in the previous videos. You might have to go there to grab it, but today I'm trying another new product from the survey. It is their cream-to-water makeup filter for normal to sensitive skin. It says transformative textured double cleanse by removing stubborn waterproof makeup and it has three sensor ceramics and squealing double cleansing efficiency. So let's see how it removes my makeup. Let's see if it actually cleans everything even with my waterproof stuff with this cleanser. It does feel super lightweight. It doesn't feel like a traditional like oil texture, but looks a little bit weird. I'm gonna rate this a 6 out of 10. I'm not really well by it by it. I didn't really even move my makeup really good. Look it has a rubber eye like this to remove my mascara and I hate having to rub my eyes because I don't want to find things in my clothes and the case is still there. My other cleansing problem usually takes it off in one wipe so I'm not really impressed by this. I'll then give me a good in the case you guys want to try it too, but it's one of their new products.","I just got home for more and I posted that I tried the noose therapy Sure tinted as Pia and I am wanted to remove it now. This is how long it stayed on a super Dooley and glowy so if you're dry skin, I feel like you're gonna like this sunscreen. I did post about it in the previous videos. You might have to go there to grab it, but today I'm trying another new product from the CeraVe. It is their cream-to-water makeup filter for normal to sensitive skin. It says transformative textured double cleanse by removing stubborn waterproof makeup and it has three sensor ceramides and squealing double cleansing efficiency. So let's see how it removes my makeup. Let's see if it actually cleans everything even with my waterproof stuff with this cleanser. It does feel super lightweight. It doesn't feel like a traditional like oil texture, but looks a little bit weird. I'm gonna rate this a 6 out of 10. I'm not really well by it by it. I didn't really even move my makeup really good. Look it has a rubber eye like this to remove my mascara and I hate having to rub my eyes because I don't want to find things in my clothes and the case is still there. My other cleansing problem usually takes it off in one wipe so I'm not really impressed by this. I'll then give me a good in the case you guys want to try it too, but it's one of their new products.",en,success,,1.0,95.81,neutral,0.3499,uncertain,50,5,4/5,0.1351,ElenaRyumina/face_emotion_recognition,
https://www.tiktok.com/@prince_kkyy/video/7559045491355389214,RETURNED THAT LOTION REAL QUICK TODAY! 🤢🤢🤢🤢 #cerave #skincare,111,negative,data\videos\video_007.mp4,data\audios\video_007.mp3,"Every single other survey product I have tried has let me down. This one has let me down. So, the daily moisturizing motion is so much better. This one is greasy and has an unpleasant smell and I'm kind of itchy. Also, it's just not a good experience overall. I have been buying this one a lot as you can see. It's just the best one in my opinion and I've tried other survey stuff like some other facewashes they have. I did not have a good time.","Every single other CeraVe product I have tried has let me down. This one has let me down. So, the daily moisturizing motion is so much better. This one is greasy and has an unpleasant smell and I'm kind of itchy. Also, it's just not a good experience overall. I have been buying this one a lot as you can see. It's just the best one in my opinion and I've tried other CeraVe stuff like some other facewashes they have. I did not have a good time.",en,success,,1.0,20.71,neutral,0.3139,uncertain,40,4,3/4,0.1294,ElenaRyumina/face_emotion_recognition,
https://www.tiktok.com/@therealskiniminmd/video/7482090635835739438,#doctor #productreview #hairlossdoc #cerave,277,negative,data\videos\video_008.mp4,data\audios\video_008.mp3,"Hi everyone, Dr. A. Douglas here. I'm a board certified dermatologist and hair loss expert and today I'll be reviewing these two products, the survey, anti-jange of hydrogen shampoo and conditioner. And I use that for my very, very flaky scalp. And unfortunately for me, these products did not work. My scalp was flaky within the next day of using these products. However, I do have more of a severe condition. So these are not products that I would recommend for people with a more severe condition. This is something you can maybe consider if you have mild, some moderate condition. Let me know in the comments what you use for your flaky scalp and what works and continue to follow me for more tips on hair, hair, hair and hair loss.","Hi everyone, Dr. A. Douglas here. I'm a board certified dermatologist and hair loss expert and today I'll be reviewing these two products, the CeraVe, anti-jange of hydrogen shampoo and conditioner. And I use that for my very, very flaky scalp. And unfortunately for me, these products did not work. My scalp was flaky within the next day of using these products. However, I do have more of a severe condition. So these are not products that I would recommend for people with a more severe condition. This is something you can maybe consider if you have mild, some moderate condition. Let me know in the comments what you use for your flaky scalp and what works and continue to follow me for more tips on hair, hair, hair and hair loss.",en,success,,1.0,37.52,happiness,0.2929,uncertain,50,5,2/5,0.0931,ElenaRyumina/face_emotion_recognition,
https://www.tiktok.com/@dailyglambyshahad/video/7625022403818704158,"I had high hopes for this ...but it did NOTHING for my skin 😭 what toner do you recommend ??do you recommend
#honestreview #skincare #fyp",18,negative,data\videos\video_009.mp4,data\audios\video_009.mp3,"The worst owner I've ever used had so much expectation since I always use Sarah V And it always worked for me, but ever since I use the toner it doesn't work at all It give me acne and breakouts and dry skin as well. Honestly, I would invite this again I want to know would you guys use for toner and if you can give me a recommendation in the comment I would really appreciate it","The worst owner I've ever used had so much expectation since I always use CeraVe And it always worked for me, but ever since I use the toner it doesn't work at all It give me acne and breakouts and dry skin as well. Honestly, I would invite this again I want to know would you guys use for toner and if you can give me a recommendation in the comment I would really appreciate it",en,success,,1.0,20.29,neutral,0.3226,uncertain,50,5,3/5,0.0784,ElenaRyumina/face_emotion_recognition,
https://www.tiktok.com/@tchaoskin/video/7559453084326300959,"Replying to @Tasha T a lot of the common cleansers I’ve tried unfortunately have been extremely underwhelming 🥲

i’m not getting the hype behind this Cerave foaming oil cleanser at all

*pr without oblig to post

#cerave #ceraveskincare #drugstoreskinscare #facecleanser #facialcleanser",5541,negative,data\videos\video_010.mp4,data\audios\video_010.mp3,"I'm just going to be honest, a lot of the drugstore cleansers that you guys use are not that great. This therapy filming oil cleanser was on my wish list for the longest time because I heard so many great things about it. Very surprising to me when I realized that this cleanser was very dry. And the fact that it's actually marketed for dry to very dry skin. I also really dislike the fact that it is marketed as a filming oil cleanser when it's really not an oil cleanser. Water is the first ingredient and it lathers. And those are two indications that it's not a true oil cleanser. It also triggered my fungal acne, which is absolutely possible with wash off products like this. Ever since I tried the prequel cleanser, a lot of the drugstore cleansers will never compare to this because this is affordable. It's gentle. It's not stripping and it happens to feel hydrating as well. Sensitive skin friendly can work for a lot of different skin types and it doesn't trigger my fungal acne. I am trying to test other options for you guys because I know not everyone can access this one, but truthfully, I just haven't found that many good options.","I'm just going to be honest, a lot of the drugstore cleansers that you guys use are not that great. This therapy filming oil cleanser was on my wish list for the longest time because I heard so many great things about it. Very surprising to me when I realized that this cleanser was very dry. And the fact that it's actually marketed for dry to very dry skin. I also really dislike the fact that it is marketed as a filming oil cleanser when it's really not an oil cleanser. Water is the first ingredient and it lathers. And those are two indications that it's not a true oil cleanser. It also triggered my fungal acne, which is absolutely possible with wash off products like this. Ever since I tried the prequel cleanser, a lot of the drugstore cleansers will never compare to this because this is affordable. It's gentle. It's not stripping and it happens to feel hydrating as well. Sensitive skin friendly can work for a lot of different skin types and it doesn't trigger my fungal acne. I am trying to test other options for you guys because I know not everyone can access this one, but truthfully, I just haven't found that many good options.",en,success,,1.0,51.27,neutral,0.5053,uncertain,50,5,5/5,0.3629,ElenaRyumina/face_emotion_recognition,
https://www.tiktok.com/@lexallynn/video/7635035987206278430,This is going to be my new daily moisturizer. 👏🏻 This seriously has been exactly what I’ve been looking for!! @CeraVe #cerave #moisturizer #watergel #tiktokshopcreatorpicks,66,positive,data\videos\video_011.mp4,data\audios\video_011.mp3,"Sarah made just dropped a new hyaluronic acid water gel. She's this hyaluronic acid, which is really gonna pull water into your skin. It's so good for when your skin is feeling dehydrated, but you don't want to thick, creamy moisturizer sitting on top of your skin. This is really gonna absorb right into your skin. Be light weight, but so, so refreshing. She feels so cooling on my skin. And this is actually full of ceramides that keep your skin barrier intact. It's truly such a lightweight gel texture. And that's something with really dry, but also really sensitive skin. This feels so calming, so cooling on your skin. And you can tell this is not just like a surface glow. This is a hydration that's gonna last all day because of the hyaluronic acid and also those ceramides. Just look at the skin. This is a new drop. I'm so excited about this. I'm literally gonna order more, because Sarah V really outdid themselves with this.","CeraVe just dropped a new hyaluronic acid water gel. She's this hyaluronic acid, which is really gonna pull water into your skin. It's so good for when your skin is feeling dehydrated, but you don't want to thick, creamy moisturizer sitting on top of your skin. This is really gonna absorb right into your skin. Be light weight, but so, so refreshing. She feels so cooling on my skin. And this is actually full of ceramides that keep your skin barrier intact. It's truly such a lightweight gel texture. And that's something with really dry, but also really sensitive skin. This feels so calming, so cooling on your skin. And you can tell this is not just like a surface glow. This is a hydration that's gonna last all day because of the hyaluronic acid and also those ceramides. Just look at the skin. This is a new drop. I'm so excited about this. I'm literally gonna order more, because CeraVe really outdid themselves with this.",en,success,,1.0,42.12,happiness,0.3473,uncertain,50,5,4/5,0.1406,ElenaRyumina/face_emotion_recognition,
https://www.tiktok.com/@manducheekz/video/7647112982488485141,"The older I get, the more I realize that squeaky clean isn’t the goal. Healthy, balanced skin is. 💙 A good cleanser really goes a long way.

#CleanseLikeADerm #CeraVePH #CeraVe",1279,positive,data\videos\video_012.mp4,data\audios\video_012.mp3,"Once Nana Lanazani, Malala Nang break out, never ever gonna muddle to look nahindi in the the client's no face. But you can sleep at this, knowing the way the kambaka break up to let kabakindi kapakilamos. It's been a long day so now let's cleanse our face. My makeup is not removed so next step, cleanser. One thing I learned is that patindi harsh and cleanser more. Proven and tested kuna that gentle cleansers work so much better for skin types like ours. My cleanser is the serovae foamy cleanser. If your skin is more under off or bump beside, they also have the salicylic acid smoothing cleanser. I like my own serovae cleansers, uses MVE technology. Plus, it has 3 essential serovides. So while I'm feeling the after mama kala must burn up nabana tung face more. I'll hold normal, long and tight feelings of face after makilamos. Don't gonna realize that that patindi palas squeaky cleaning feeling after makilamos. Cause you guys, if your skin quicks, your barrier is weak. Sometimes less harsh means better skin talaga. So if you are acne prone, oily to combination skin like me, maybe it's time to cleanse like a derm with serovae.","Once Nana Lanazani, Malala Nang break out, never ever gonna muddle to look nahindi in the the client's no face. But you can sleep at this, knowing the way the kambaka break up to let kabakindi kapakilamos. It's been a long day so now let's cleanse our face. My makeup is not removed so next step, cleanser. One thing I learned is that patindi harsh and cleanser more. Proven and tested kuna that gentle cleansers work so much better for skin types like ours. My cleanser is the serovae foamy cleanser. If your skin is more under off or bump beside, they also have the salicylic acid smoothing cleanser. I like my own serovae cleansers, uses MVE technology. Plus, it has 3 essential serovides. So while I'm feeling the after mama kala must burn up nabana tung face more. I'll hold normal, long and tight feelings of face after makilamos. Don't gonna realize that that patindi palas squeaky cleaning feeling after makilamos. Cause you guys, if your skin quicks, your barrier is weak. Sometimes less harsh means better skin talaga. So if you are acne prone, oily to combination skin like me, maybe it's time to cleanse like a derm with serovae.",en,success,,1.0,57.86,happiness,0.4053,uncertain,50,5,3/5,0.1852,ElenaRyumina/face_emotion_recognition,
https://www.tiktok.com/@misspeytonsmith/video/7642208824077667604,CeraVe Hydrating Cleanser is SPF approved! Which cleanser should we try next?,4016,neutral,data\videos\video_013.mp4,data\audios\video_013.mp3,"Everyone wants to know whether the Saravi hydrating cleanser can actually remove SPF on the skin. Well, I've got my UV light on that can show the UV filters that are on my skin. I have a feeling this will do a pretty good job. We'll start off with two generous pumps. Rub it into our hands, the massage it onto the skin. Kind of in the UV light, actually, how it's already starting to break up that UV filters on the skin. Okay, that is going to be my first cleanse. I'm going to rinse my face in the sink, come back, we'll see how much of the UV filter that actually came off the skin. Wow, okay, that actually did a really good job. It's almost pretty much all off my skin. Then I'll do literally one more cleanse. This will literally be all off. That's crazy. I knew what was going to come up, but I didn't think like on the first cleanse, the majority of it kind of came off. That was actually quite surprising to me. Now, I'll do my last rinse and my skin will be removed of all the SPF. I think it's safe to say this effectively cleans off SPF off my skin.","Everyone wants to know whether the Saravi hydrating cleanser can actually remove SPF on the skin. Well, I've got my UV light on that can show the UV filters that are on my skin. I have a feeling this will do a pretty good job. We'll start off with two generous pumps. Rub it into our hands, the massage it onto the skin. Kind of in the UV light, actually, how it's already starting to break up that UV filters on the skin. Okay, that is going to be my first cleanse. I'm going to rinse my face in the sink, come back, we'll see how much of the UV filter that actually came off the skin. Wow, okay, that actually did a really good job. It's almost pretty much all off my skin. Then I'll do literally one more cleanse. This will literally be all off. That's crazy. I knew what was going to come up, but I didn't think like on the first cleanse, the majority of it kind of came off. That was actually quite surprising to me. Now, I'll do my last rinse and my skin will be removed of all the SPF. I think it's safe to say this effectively cleans off SPF off my skin.",en,success,,1.0,69.06,surprise,0.2498,uncertain,50,5,3/5,-0.0499,ElenaRyumina/face_emotion_recognition,
https://www.tiktok.com/@natsworld222/video/7492936925842656543,"I am very impressed @cerave I live a good hydrating washday! I enjoyed both the shampoo and conditioner 🤩

#ceraveshampoo #cerave #natsworld222 #natsworld #review #ceraveconditioner",184,positive,data\videos\video_014.mp4,data\audios\video_014.mp3,"I just finished my wash day routine with the Sara V gentle hydrating shampoo and conditioner so let's talk about it. Starting with the shampoo, I absolutely loved. We're talking about hyaluronic acid so we're talking all the good stuff for our scalp and the healthiness of our hair. When I tell you, the lather was amazing. Beyond impressed, I really loved this product by Sara V. Chef's Kiss. When onto the conditioner, I really loved the lather with this. However, I will say I was expecting to a tad bit more slippage. Love when my fingers are it was sliding through and I just trimmed my hair so I was expecting to a tad bit more. I'm gonna go ahead and rate this wash day about an 8 out of 10. I did really enjoy these products. If you guys want to see how they actually work in my hair, check out the video before this one. I have the entire wash day up there for you guys. Bye y'all!","I just finished my wash day routine with the Sara V gentle hydrating shampoo and conditioner so let's talk about it. Starting with the shampoo, I absolutely loved. We're talking about hyaluronic acid so we're talking all the good stuff for our scalp and the healthiness of our hair. When I tell you, the lather was amazing. Beyond impressed, I really loved this product by Sara V. Chef's Kiss. When onto the conditioner, I really loved the lather with this. However, I will say I was expecting to a tad bit more slippage. Love when my fingers are it was sliding through and I just trimmed my hair so I was expecting to a tad bit more. I'm gonna go ahead and rate this wash day about an 8 out of 10. I did really enjoy these products. If you guys want to see how they actually work in my hair, check out the video before this one. I have the entire wash day up there for you guys. Bye y'all!",en,success,,1.0,43.47,neutral,0.2965,uncertain,50,5,3/5,0.0761,ElenaRyumina/face_emotion_recognition,
https://www.tiktok.com/@oritsetemisan/video/7616249158025956630,"My skin barrier was really struggling recently… my skin felt so dry and sensitive. Since using the CeraVe Moisturising Cream, my skin has felt so much more hydrated and calmer already. @CeraVeUKI 💙 #cerave #ceravemoisturizingcream #ceravemoisturiser #cerawardsuki #lorealistarskincident",2786,positive,data\videos\video_015.mp4,data\audios\video_015.mp3,"Recently, my skin barrier was really struggling. I'm presenting areas within my chain, my lip. The skin around there felt extremely dry, tight and very sensitive. So I started using this several moisturizing cream. It actually looks quite rich, but once you apply it, it actually feels really lightweight on the skin. It absorbs so well and leaves my skin feeling deeply hydrated without the heavy or greasy feeling. Honestly, as I noticed in improvement in my skin, really just one day, the skin around there felt hydrated, less tight and less sensitive. My skin feels calmer, more moisturized and a lot earlier.","Recently, my skin barrier was really struggling. I'm presenting areas within my chain, my lip. The skin around there felt extremely dry, tight and very sensitive. So I started using this several moisturizing cream. It actually looks quite rich, but once you apply it, it actually feels really lightweight on the skin. It absorbs so well and leaves my skin feeling deeply hydrated without the heavy or greasy feeling. Honestly, as I noticed in improvement in my skin, really just one day, the skin around there felt hydrated, less tight and less sensitive. My skin feels calmer, more moisturized and a lot earlier.",en,success,,1.0,44.26,happiness,0.5813,uncertain,50,5,4/5,0.4413,ElenaRyumina/face_emotion_recognition,
https://www.tiktok.com/@namhlancamani/video/7574837332616940818,"Back with Part 2 of my #MySkinMyDrama journey 💧 It’s been 3 weeks using @CeraVe Skin Care , and I’m already seeing progress! From cleansing to hydration, my skin is slowly finding its glow. Stay tuned for Part 3 where I’ll share my full honest review 💙#MySkinMyDrama #CeraVeSouthAfrica #CeraVeZA #SkincareJourney",441,positive,data\videos\video_016.mp4,data\audios\video_016.mp3,"Hi Bandau Sei, it's your friend Namsa and I'm back with part 2 of my Saravis game journey. It's been about a couple of weeks now and this is how my skin is looking this morning. The drama is all day but honestly it's finally coming down. I always start my routine with the Saravis for my cleanser. What I love about this cleanser is that it is gentle. It doesn't dry out my skin and it is packed with ceramise which helps to repair the skin barrier and count my inflammation. Then I go in with the acne control gel. This one, I take it's breakouts, help with the fade, dark marks and smoothen my texture. And I always finish off with the hydrating serum for moisture, softness and that healthy glow. And this is how my skin looks after washing. Fresh, clean and waking up with me. Stay tuned for part 3 and the next chapter of my skin drama and the full on its progress.","Hi Bandau Sei, it's your friend Namsa and I'm back with part 2 of my Saravis game journey. It's been about a couple of weeks now and this is how my skin is looking this morning. The drama is all day but honestly it's finally coming down. I always start my routine with the Saravis for my cleanser. What I love about this cleanser is that it is gentle. It doesn't dry out my skin and it is packed with ceramise which helps to repair the skin barrier and count my inflammation. Then I go in with the acne control gel. This one, I take it's breakouts, help with the fade, dark marks and smoothen my texture. And I always finish off with the hydrating serum for moisture, softness and that healthy glow. And this is how my skin looks after washing. Fresh, clean and waking up with me. Stay tuned for part 3 and the next chapter of my skin drama and the full on its progress.",en,success,,1.0,62.32,happiness,0.5638,uncertain,20,2,1/2,0.4111,ElenaRyumina/face_emotion_recognition,
https://www.tiktok.com/@skinandbase/video/7637249122927414550,Tried out @CeraVeUKI new invisible hydrating sunscreen so you don’t have to guess if it works for us • no cast • nourishing and hydrating • all skin types can use however oilier skin may find the shine builds throughout the day especially if reapplied #suncreenrecommendation #sunscreenreview #cerave #creatorsearchinsights,353,neutral,data\videos\video_017.mp4,data\audios\video_017.mp3,"Add in another sunscreen to the roster so you don't have to guess if there's what's on our skin We have several of these new invisible hydrates in sunscreen which retails for around 14 pounds at boops the last time I checked This has a sun protection factor or 50 texture wise I would say this sits more in the moisturizer kind of realm It is quite nourishing and hydrates in but also has these skin softening vibe to it It absorbs quite nicely into the skin and it doesn't feel thick or heavy No white cars, it doesn't sting the eyes and I will say the finish is quite chewy Dry to combination skin will enjoy this however those of oily skin the shine does build And it will look like they fried small chocolate on your face by the end of the day","Add in another sunscreen to the roster so you don't have to guess if there's what's on our skin We have several of these new invisible hydrates in sunscreen which retails for around 14 pounds at boops the last time I checked This has a sun protection factor or 50 texture wise I would say this sits more in the moisturizer kind of realm It is quite nourishing and hydrates in but also has these skin softening vibe to it It absorbs quite nicely into the skin and it doesn't feel thick or heavy No white cars, it doesn't sting the eyes and I will say the finish is quite chewy Dry to combination skin will enjoy this however those of oily skin the shine does build And it will look like they fried small chocolate on your face by the end of the day",en,success,,1.0,35.43,neutral,0.395,uncertain,40,4,3/4,0.1937,ElenaRyumina/face_emotion_recognition,
https://www.tiktok.com/@drnourgerbaka/video/7528818232388586770,#skincare #ceravearabia #CeraVe Arabia | A cleanser for every skin type #cleansers #skincareroutine #dermatologist #drnour#,147,neutral,data\videos\video_018.mp4,data\audios\video_018.mp3,"It's 2025 guys, there's a cleanser for every skin type, let's get into it. What you need to know about the happy cleansers is that they are developed with dermatologist. All of them contain the 3 essential ceramides, even if it's for every skin type, for the face, for the body, to help restore your skin barrier and keep your moisture locked in and not strip any of the oils on your face. Let's start with the hydrating cleanser, which is the most hydrating of them all. It has a creamy texture and it's great for people with very dry skin or post laser procedures. The forming cleanser is a bit for every skin type, every condition. It's going to remove the excess oil and the excess pollution from your face. The salicylic acid soothing cleanser is going to exfoliate your skin without tripping it's not your barrier. The blemish control cleanser is going to help treat and prevent new acne break-up without disrupting the skin barrier again. Thank you for watching guys, if you're comments in the comments section.","It's 2025 guys, there's a cleanser for every skin type, let's get into it. What you need to know about the happy cleansers is that they are developed with dermatologist. All of them contain the 3 essential ceramides, even if it's for every skin type, for the face, for the body, to help restore your skin barrier and keep your moisture locked in and not strip any of the oils on your face. Let's start with the hydrating cleanser, which is the most hydrating of them all. It has a creamy texture and it's great for people with very dry skin or post laser procedures. The forming cleanser is a bit for every skin type, every condition. It's going to remove the excess oil and the excess pollution from your face. The salicylic acid soothing cleanser is going to exfoliate your skin without tripping it's not your barrier. The blemish control cleanser is going to help treat and prevent new acne break-up without disrupting the skin barrier again. Thank you for watching guys, if you're comments in the comments section.",en,success,,1.0,59.35,surprise,0.3088,uncertain,50,5,3/5,-0.0071,ElenaRyumina/face_emotion_recognition,
https://www.tiktok.com/@dr.derm.love/video/7637266860160879903,#fyp #cetaphil #cerave #cleansers CeraVe v Cetaphil? Which do you like,47,neutral,data\videos\video_019.mp4,data\audios\video_019.mp3,"Trying to choose between C to fill or serravie is a board certified dermatologist who loves both. Let me break down the difference. C to fill daily facial cleanser is made more for oily or combination skin. It lightly foams and gives you that super clean feeling without completely stripping your skin. And the ingredients are pretty good. Nice cinema that clams down redness and controls oil, vitamin B5 which suits the skin and blistering to lock in that moisturizer. Now serravie hydrating facial cleanser is basically the opposite vibe. It's creamier, it doesn't really foam, it's better for dry or sensitive skin. It's the one I use because I've really dry or sensitive skin. Start ingredients are ceramize which help repair your skin barrier, hyaluronic acid that gives you hydration, and blister into lock in the moisturizer so you don't feel tight from washing. If your skin gets oily during the day, go with C to fill. If your skin fills dry, you're irritated or tight after cleansing. Seravie is probably your better option. Either one is universally better. It just really depends on your skin type. This is a little more expensive around $13 and this is more like $9. Follow me so that you never make a mistake about skincare again.","Trying to choose between C to fill or serravie is a board certified dermatologist who loves both. Let me break down the difference. C to fill daily facial cleanser is made more for oily or combination skin. It lightly foams and gives you that super clean feeling without completely stripping your skin. And the ingredients are pretty good. Nice cinema that clams down redness and controls oil, vitamin B5 which suits the skin and blistering to lock in that moisturizer. Now serravie hydrating facial cleanser is basically the opposite vibe. It's creamier, it doesn't really foam, it's better for dry or sensitive skin. It's the one I use because I've really dry or sensitive skin. Start ingredients are ceramize which help repair your skin barrier, hyaluronic acid that gives you hydration, and blister into lock in the moisturizer so you don't feel tight from washing. If your skin gets oily during the day, go with C to fill. If your skin fills dry, you're irritated or tight after cleansing. Seravie is probably your better option. Either one is universally better. It just really depends on your skin type. This is a little more expensive around $13 and this is more like $9. Follow me so that you never make a mistake about skincare again.",en,success,,1.0,56.89,happiness,0.3334,uncertain,50,5,2/5,0.1236,ElenaRyumina/face_emotion_recognition,
https://www.tiktok.com/@raheem_reviews_/video/7638993312304631062,No stickiness or white casting with this invisible hydrating spf 50 sunscreen from Cerave!! #cerave #ceraveskincareproducts #spf50 #sunscreenlotion #tiktokmademebuyit,20,positive,data\videos\video_020.mp4,data\audios\video_020.mp3,"This is Sarah B's brand new invisible hydrating sunscreen for your face and your body and it's on Sarah and I on TikTok shop. It has no white casting residue and just look at that, it instantly sinks into your skin. This one definitely freshens up your skin and just look at that below that you get afterwards. Even though three essential seramels help repair your skin barrier as well. You want to guide it for yourself? I will leave links down below in the orange basket on the left for you.","This is Sarah B's brand new invisible hydrating sunscreen for your face and your body and it's on Sarah and I on TikTok shop. It has no white casting residue and just look at that, it instantly sinks into your skin. This one definitely freshens up your skin and just look at that below that you get afterwards. Even though three essential seramels help repair your skin barrier as well. You want to guide it for yourself? I will leave links down below in the orange basket on the left for you.",en,success,,1.0,21.5,happiness,0.4484,uncertain,50,5,4/5,0.1821,ElenaRyumina/face_emotion_recognition,
https://www.tiktok.com/@keti.p7/video/7658404622410796321,"My simple night skincare routine 🌙🤍 @CeraVe Keeping my skin clean, hydrated, and happy. ✨ #skincare #nightroutine #cerave #selfcare #glowingskin",106,positive,data\videos\video_021.mp4,data\audios\video_021.mp3,"I cleanse my face with the syrup of foam and cleanser to wash away dirt, oil, and everything my skin is picked up throughout the day. Then I gently pat my face dry with a clean paper towel. Next, I apply the Sarajam moisturizing cream to deeply hydrate my skin and help support my skin barrier overnight. A simple routine that leaves my skin feeling clean, soft, and hydrated.","I cleanse my face with the syrup of foam and cleanser to wash away dirt, oil, and everything my skin is picked up throughout the day. Then I gently pat my face dry with a clean paper towel. Next, I apply the Sarajam moisturizing cream to deeply hydrate my skin and help support my skin barrier overnight. A simple routine that leaves my skin feeling clean, soft, and hydrated.",en,success,,1.0,30.65,neutral,0.4647,uncertain,50,5,5/5,0.3209,ElenaRyumina/face_emotion_recognition,
https://www.tiktok.com/@ambsxgshop/video/7637208039354912022,The difference I’ve noticed 👀🫶🏼 #cerave #ceravesasmoothingcleanser #bodyacne #dryskin,5,positive,data\videos\video_022.mp4,data\audios\video_022.mp3,"If your back is looking like this or your arms are looking like this, you're not dirty, you're just not using the right cleanse. You've tried all of the scribes, all of the creams and all of the lotions and nothing seems to be tackling your story arms. Don't worry, I completely get you. My arms have always been very, very short-reelite, literally since I was a child. But we are tackling it and using an exfoliating cleanser. Particularly love this essays, even cleanser, my therapy, because not only has it got yours to look at it, but exfoliated, but it's also got hyaluronic acid that can really help hydrate the skin afterwards. We're very much a work and progress, but the difference, I've noticed in the past few weeks that this is insane. I've got it from TikTok, so I'll be about that a little bit cheaper than anywhere else. I'll drop them down there so you can have a look at yourself.","If your back is looking like this or your arms are looking like this, you're not dirty, you're just not using the right cleanse. You've tried all of the scribes, all of the creams and all of the lotions and nothing seems to be tackling your story arms. Don't worry, I completely get you. My arms have always been very, very short-reelite, literally since I was a child. But we are tackling it and using an exfoliating cleanser. Particularly love this essays, even cleanser, my therapy, because not only has it got yours to look at it, but exfoliated, but it's also got hyaluronic acid that can really help hydrate the skin afterwards. We're very much a work and progress, but the difference, I've noticed in the past few weeks that this is insane. I've got it from TikTok, so I'll be about that a little bit cheaper than anywhere else. I'll drop them down there so you can have a look at yourself.",en,success,,1.0,40.77,anger,0.2488,uncertain,50,5,3/5,0.0407,ElenaRyumina/face_emotion_recognition,
https://www.tiktok.com/@taohyun/video/7122515042964131118,Esthetician reviews: #cerave resurfacing retinol serum. . sort of a fluid gel consistency that is a bit sticky on the skin in my opinion. A bit irritating to my skin barrier. . I would pass on it. #skincare #ulta #fyp,299,negative,data\videos\video_023.mp4,data\audios\video_023.mp3,"Let's talk about this wrong way. The survey retinol resurfacing serum with three essential seram lines. Anyways, and licorice root and niacinamide, three essential seram lines, I would definitely love to know what they mean by essential and how those are essential, but marketing, I don't imagine. This right here is licorice root, retinol that's encapsulated, and you also get your niacinamide, so a skin strengthening, bear repairing, slash oil controlling, niacinamide, a basically a multitasking ingredient. It does a little bit of everything, and we have our licorice root to help with any kind of dark-sponsored brining. It's not a bad formula, but the retinol inside here is so harsh at times that you feel like the assid mantle your skin is going to be kind of inflamed or irritated, and for that reason, I don't really care for it either.","Let's talk about this wrong way. The CeraVe retinol resurfacing serum with three essential seram lines. Anyways, and licorice root and niacinamide, three essential seram lines, I would definitely love to know what they mean by essential and how those are essential, but marketing, I don't imagine. This right here is licorice root, retinol that's encapsulated, and you also get your niacinamide, so a skin strengthening, bear repairing, slash oil controlling, niacinamide, a basically a multitasking ingredient. It does a little bit of everything, and we have our licorice root to help with any kind of dark-sponsored brining. It's not a bad formula, but the retinol inside here is so harsh at times that you feel like the assid mantle your skin is going to be kind of inflamed or irritated, and for that reason, I don't really care for it either.",en,success,,1.0,57.12,happiness,0.3427,uncertain,50,5,5/5,0.1445,ElenaRyumina/face_emotion_recognition,
https://www.tiktok.com/@natalie_oneillll/video/7472781932615601410,I also rate the whole cerave range in an earlier video ✨ smash or pass Cerave cleansers bc they get so much hype #cerave #affordableskincare #skincareproduct #acneproneskin,31600,neutral,data\videos\video_024.mp4,data\audios\video_024.mp3,"Rating every single one of the Saravi cleansers, which ones to get and which ones to avoid. I think out of all the Saravi cleansers, this cream to foam wine is my favourite. It's super gentle, it feels really nice to use. It's foaming but it's not too drying. 8 out of 10. I feel like the foaming cleanser is still good but I don't feel like it's as good as the cream to foam and I'm not sure why you'd buy this when you could buy that. It's nice but it's a little bit more drying than the cream to foam so I'd still get that one. This doesn't absolutely nothing for me and in fact it stings my skin which is really bizarre. I remember when I got this and I was so excited to try it and then I was so disappointed after the first use. I wasn't clean makeup off very well, barely even clean the skin without makeup on it so 4 out of 10, 7 out of 10. I'd give this one an 8 out of 10 as well. It's not a true oil cleanser so I would use an oil cleanser before it but it's not drying and it feels quite nice to use. And we've got the two exfoliating ones, the blemish control and the salicylic smoothing. Now I know everyone's going to say oh you don't like this one and don't get me wrong. I don't like this one but if you use it sparingly like a treatment it can be effective. I just think there are better cleansers out there and considering this one and that one aren't really that different. I would always pick this one because they're nice and mild and I find it a little bit more moisturizing than that one which can be quite drying. 6 out of 10, 7 out of 10. And if you like this kind of no bullshit to the point skincare advice then you found the right place because it's all I make.","Rating every single one of the Saravi cleansers, which ones to get and which ones to avoid. I think out of all the Saravi cleansers, this cream to foam wine is my favourite. It's super gentle, it feels really nice to use. It's foaming but it's not too drying. 8 out of 10. I feel like the foaming cleanser is still good but I don't feel like it's as good as the cream to foam and I'm not sure why you'd buy this when you could buy that. It's nice but it's a little bit more drying than the cream to foam so I'd still get that one. This doesn't absolutely nothing for me and in fact it stings my skin which is really bizarre. I remember when I got this and I was so excited to try it and then I was so disappointed after the first use. I wasn't clean makeup off very well, barely even clean the skin without makeup on it so 4 out of 10, 7 out of 10. I'd give this one an 8 out of 10 as well. It's not a true oil cleanser so I would use an oil cleanser before it but it's not drying and it feels quite nice to use. And we've got the two exfoliating ones, the blemish control and the salicylic smoothing. Now I know everyone's going to say oh you don't like this one and don't get me wrong. I don't like this one but if you use it sparingly like a treatment it can be effective. I just think there are better cleansers out there and considering this one and that one aren't really that different. I would always pick this one because they're nice and mild and I find it a little bit more moisturizing than that one which can be quite drying. 6 out of 10, 7 out of 10. And if you like this kind of no bullshit to the point skincare advice then you found the right place because it's all I make.",en,success,,1.0,66.83,no_face,0.0,no_face,0,0,0/0,0.0,ElenaRyumina/face_emotion_recognition,
https://www.tiktok.com/@catduqbeauty/video/7619514603944348941,Love cerave but this is a miss for me #beauty #skincare #cleansingbalm #cerave,24,negative,data\videos\video_025.mp4,data\audios\video_025.mp3,"quick little review, but I am going to be returning this Sarah V. cleansing balm. I love Sarah V, so nothing against the brand, but this product is not a win for me. In my opinion, this absolutely leaves a little bit of like an oily residue. It doesn't feel like it rinses clean to me, so this is going back.","quick little review, but I am going to be returning this CeraVe. cleansing balm. I love CeraVe, so nothing against the brand, but this product is not a win for me. In my opinion, this absolutely leaves a little bit of like an oily residue. It doesn't feel like it rinses clean to me, so this is going back.",en,success,,1.0,21.18,neutral,0.241,uncertain,50,5,2/5,0.0163,ElenaRyumina/face_emotion_recognition,
https://www.tiktok.com/@florence_baitio/video/7567441010742119698,@CeraVe hydrating cream to foam cleanser. Current obsession #florencebaitio #cerave #skincareroutine #skincareviral #skintok,8491,positive,data\videos\video_026.mp4,data\audios\video_026.mp3,"The only thing that's consistent in my life is a survey. When I told you I've been using this like my life depended on it, I surely have. I am currently obsessed with the hydrating cream to foam cleanser. The good thing about this cleanser is it doesn't leave the face feeling dry because of ingredients like ceramides and hyaluronic acid. Instead it restores moisture and it removes dirt from the face. Now this works perfect on sensitive skin because it doesn't contain the harsh chemicals in it. And so what it does is it protects the skin barrier. Look at me, oh my days.","The only thing that's consistent in my life is a CeraVe. When I told you I've been using this like my life depended on it, I surely have. I am currently obsessed with the hydrating cream to foam cleanser. The good thing about this cleanser is it doesn't leave the face feeling dry because of ingredients like ceramides and hyaluronic acid. Instead it restores moisture and it removes dirt from the face. Now this works perfect on sensitive skin because it doesn't contain the harsh chemicals in it. And so what it does is it protects the skin barrier. Look at me, oh my days.",en,success,,1.0,33.67,happiness,0.4369,uncertain,20,2,1/2,0.2319,ElenaRyumina/face_emotion_recognition,
https://www.tiktok.com/@rubeslanamay/video/7453093370823494945,Cerave Review : Best & Worst🚨 #cerave #bestandworst #skincarereview #smashorpass #bestskincareproducts #worstskincareadvice #worstskincareproducts #viralskincare #fyp #foryou #acnesafeskincare,228,neutral,data\videos\video_027.mp4,data\audios\video_027.mp3,"best and worst of Cerave. The cream to foam cleanser is a yay. This is actually really good for my acne prone girly. This, I feel like so many people have mentioned how badly this breaks people out. I feel like people have got this assumption that Cerave is always acne safe and going to be okay for your skin. This breaks people out like no man's business. So I would avoid if you have acne prone skin like myself. Along with this one which I feel like loads of people are not going to like. This just doesn't clean your skin well enough. Finally my gorgeous girly is personally. I don't oil cleanse because it never works for my skin and it always breaks me out. But if you do want an affordable drugstore oil cleanser, the Cerave one is a great option.","best and worst of Cerave. The cream to foam cleanser is a yay. This is actually really good for my acne prone girly. This, I feel like so many people have mentioned how badly this breaks people out. I feel like people have got this assumption that Cerave is always acne safe and going to be okay for your skin. This breaks people out like no man's business. So I would avoid if you have acne prone skin like myself. Along with this one which I feel like loads of people are not going to like. This just doesn't clean your skin well enough. Finally my gorgeous girly is personally. I don't oil cleanse because it never works for my skin and it always breaks me out. But if you do want an affordable drugstore oil cleanser, the Cerave one is a great option.",en,success,,1.0,39.2,happiness,0.6924,success,50,5,5/5,0.488,ElenaRyumina/face_emotion_recognition,
https://www.tiktok.com/@rylienealon/video/7588640721209462047,greenscreen#,97,negative,data\videos\video_028.mp4,data\audios\video_028.mp3,"I know I talk about this a lot, but when I had like a severe cystic acne it like actually ruined my life That's dramatic, but it sucked and it hurt So bad and I could never really wear makeup properly because it just no matter how much I spent on the makeup It just looked awful like my makeup routine is literally almost a thousand dollars now because I was like well Surely the expensive stuff has got to work. It doesn't anyway. It was survey. I mean I'm like still have some pimples and I have scars and hyperpigmentation to worry about But it was literally the ceremony like this is my good side too, and I was always so red This is what this said looks like now Unperactive. I know that survey probably works for some people, but I don't understand Like my dermatologist told me not to use proactive and only use Sarah But well, I did that and I had cystic acne for a year and a half I just like no shade to my dermatologist, but I don't understand like I'm literally paying $50 just to see you in person and on top of all of these other expensive medications and topicals and We're just getting blanket statements of yeah, you have formal hormonal acne here's spina lactone and Sarabai No, Sarabai doesn't work for some people","I know I talk about this a lot, but when I had like a severe cystic acne it like actually ruined my life That's dramatic, but it sucked and it hurt So bad and I could never really wear makeup properly because it just no matter how much I spent on the makeup It just looked awful like my makeup routine is literally almost a thousand dollars now because I was like well Surely the expensive stuff has got to work. It doesn't anyway. It was CeraVe. I mean I'm like still have some pimples and I have scars and hyperpigmentation to worry about But it was literally the ceremony like this is my good side too, and I was always so red This is what this said looks like now Unperactive. I know that CeraVe probably works for some people, but I don't understand Like my dermatologist told me not to use proactive and only use Sarah But well, I did that and I had cystic acne for a year and a half I just like no shade to my dermatologist, but I don't understand like I'm literally paying $50 just to see you in person and on top of all of these other expensive medications and topicals and We're just getting blanket statements of yeah, you have formal hormonal acne here's spina lactone and Sarabai No, Sarabai doesn't work for some people",en,success,,1.0,75.23,surprise,0.2461,uncertain,50,5,2/5,0.0283,ElenaRyumina/face_emotion_recognition,
https://www.tiktok.com/@rubysacne/video/7489182749685812526,,5829,negative,data\videos\video_029.mp4,data\audios\video_029.mp3,"Today is day 14 of testing 15 mineral sunscreens before the summer. Today we are testing the Saravi Hydrating Mineral Sunscreen. Throughout this series, I've noticed that the sunscreens that are SPF50 usually leave more of a white cast than the SPF30s and this is SPF50. So let's see what it looks like. So far, I am not a fan of the smell. It smells kind of like a rubber tire, but maybe that scent will go away once it dries down. The white cast is looking a little scary. Let's see how much this can blend down. You know that feeling when you're rubbing something in and you can tell that it's almost fully absorbed and so as you keep rubbing it in, you start pulling your skin more? That's what this feels like. And unfortunately, I have been rubbing my face for like two minutes at this point, which I feel like is more than enough time for me to blend in a sunscreen. And the white cast is pretty, pretty strong. I don't even want to do this, but let's see how it blends on the neck. I'm really scared right now. I think it definitely blended better on my neck and chest and it makes me want to keep blending it on my face, but it's just, it's pulling on my skin so much and I really don't like that feeling. So I don't think I can get it more blended than this. Another way that you can see that this formula is pretty thick is that it applies really streaky and it's slightly pasty. I don't know. I also find it a little difficult to blend into the hairline. It's super noticeable. Honestly, I don't even want to do a full day wear test, but I'll update you guys in a little while. I forgot to fill my final thoughts and say went to the gym with the sunscreen on and honestly, I feel like the only two things that this has going for it is that it will protect your skin and it is a breathable formula. Thankfully, my skin didn't feel like it was suffocating while I was sweating during my workout, which I can't say about other sunscreens. I hate to say it, but I rate this a 2 out of 10. I likely will not be using this again. If you've tried this one before, let me know what you think and let me know what I should try next.","Today is day 14 of testing 15 mineral sunscreens before the summer. Today we are testing the Saravi Hydrating Mineral Sunscreen. Throughout this series, I've noticed that the sunscreens that are SPF50 usually leave more of a white cast than the SPF30s and this is SPF50. So let's see what it looks like. So far, I am not a fan of the smell. It smells kind of like a rubber tire, but maybe that scent will go away once it dries down. The white cast is looking a little scary. Let's see how much this can blend down. You know that feeling when you're rubbing something in and you can tell that it's almost fully absorbed and so as you keep rubbing it in, you start pulling your skin more? That's what this feels like. And unfortunately, I have been rubbing my face for like two minutes at this point, which I feel like is more than enough time for me to blend in a sunscreen. And the white cast is pretty, pretty strong. I don't even want to do this, but let's see how it blends on the neck. I'm really scared right now. I think it definitely blended better on my neck and chest and it makes me want to keep blending it on my face, but it's just, it's pulling on my skin so much and I really don't like that feeling. So I don't think I can get it more blended than this. Another way that you can see that this formula is pretty thick is that it applies really streaky and it's slightly pasty. I don't know. I also find it a little difficult to blend into the hairline. It's super noticeable. Honestly, I don't even want to do a full day wear test, but I'll update you guys in a little while. I forgot to fill my final thoughts and say went to the gym with the sunscreen on and honestly, I feel like the only two things that this has going for it is that it will protect your skin and it is a breathable formula. Thankfully, my skin didn't feel like it was suffocating while I was sweating during my workout, which I can't say about other sunscreens. I hate to say it, but I rate this a 2 out of 10. I likely will not be using this again. If you've tried this one before, let me know what you think and let me know what I should try next.",en,success,,1.0,123.39,neutral,0.4481,uncertain,40,4,4/4,0.2968,ElenaRyumina/face_emotion_recognition,
https://www.tiktok.com/@nickimamas/video/7527685072892333326,"Replying to 🧚🏻‍♀️✈️Mare | Travel Agent@ if you have sensitive skin maybe skincare 😍! 2-3x/week instead?? but i think my nose looks better

#skincareproducts #skincaretok #sebaceousfilament #blackheads #skincareroutine #cerave #ceravesacleanser",1121,positive,data\videos\video_030.mp4,data\audios\video_030.mp3,"Here's the update on using the survey as a cleanser. So yes, it has been two months. I'm so so sorry. I forgot to film it and usually I like to try a product for one month. I use it at least once a day, so either morning or night or every other day, depending on how my skin is. I do have oily acne prone skin, so if you have sensitive skin, I wouldn't recommend it, because it is a stronger product with a salicylic acid. So I would say that my nose looks good. It's a lot more clear and smooth. As you can tell, it's not as dark black as it was before. I do have like the little piercing bumps, but that's for me messing with my piercings. And I think this was from when I tweeze my nose, like I was trying to get one of the hairs, and I just left a little scar. But on the topic of the cibaceous filaments, like look at that. It looks so good. So if you try a lot of things and nothing has worked yet, maybe try the survey as a cleanser.","Here's the update on using the CeraVe as a cleanser. So yes, it has been two months. I'm so so sorry. I forgot to film it and usually I like to try a product for one month. I use it at least once a day, so either morning or night or every other day, depending on how my skin is. I do have oily acne prone skin, so if you have sensitive skin, I wouldn't recommend it, because it is a stronger product with a salicylic acid. So I would say that my nose looks good. It's a lot more clear and smooth. As you can tell, it's not as dark black as it was before. I do have like the little piercing bumps, but that's for me messing with my piercings. And I think this was from when I tweeze my nose, like I was trying to get one of the hairs, and I just left a little scar. But on the topic of the cibaceous filaments, like look at that. It looks so good. So if you try a lot of things and nothing has worked yet, maybe try the CeraVe as a cleanser.",en,success,,1.0,49.88,neutral,0.372,uncertain,40,4,2/4,0.1037,ElenaRyumina/face_emotion_recognition,
https://www.tiktok.com/@princess.zeenah/video/7491022310393138437,"😭😭 I was really so disappointed, like this is the cerave hype
#skincarerant #fyp #skincarereview #skincare #cerave",68,negative,data\videos\video_031.mp4,data\audios\video_031.mp3,oh my god hell no man so i'm going to be trying this Sarah v. Pisham moisturizer in addition i just got this 3-Sham moisturizer in addition that comes with SPF 30 because i'm looking for good moisturizer and a good sunscreen so i'm going to be trying it out he's out he's out he's out who's going to like this who's going to like this this thing is not blending what the heck what? i should i should i just talk with my my corians team here because what the hell this was 20 dollars with hearts so 20 dollars i was just going like that like like this this is a real right now be so fucking real because like this this is crazy like what the hell this is so much high hopes for this this is why i have and i don't like this this is trash i'm done bye guys,oh my god hell no man so i'm going to be trying this CeraVe. Pisham moisturizer in addition i just got this 3-Sham moisturizer in addition that comes with SPF 30 because i'm looking for good moisturizer and a good sunscreen so i'm going to be trying it out he's out he's out he's out who's going to like this who's going to like this this thing is not blending what the heck what? i should i should i just talk with my my corians team here because what the hell this was 20 dollars with hearts so 20 dollars i was just going like that like like this this is a real right now be so fucking real because like this this is crazy like what the hell this is so much high hopes for this this is why i have and i don't like this this is trash i'm done bye guys,en,success,,1.0,73.7,neutral,0.3516,uncertain,50,5,3/5,0.1893,ElenaRyumina/face_emotion_recognition,
https://www.tiktok.com/@kendrathemom_/video/7487981439926029573,"Cerave products that are worth your money ! What brand should we review next
#brandreview #ceraveskincare #skincarereview #skincarerecommendations",66,positive,data\videos\video_032.mp4,data\audios\video_032.mp3,"I have tried nearly all the products from Sarah V and here are my all-time favorite products from the brand from a medical statistician. First up is the Sarah V ointment I use this for everything. Shop lips, you got it. Chafing, you got it. You want a slug, you got it. Rashes, eczema, literally everything. The Sarah V skin renewing that cream is one of the best creams to use if you have mature skin, if you really want to target those spines and wrinkles. Plus, it's so affordable, one of my favorite recommendations. This is their anti-dandruff shampoo and their anti-dandruff conditioner. I know how hard it is to find a really good shampoo and conditioner that's really going to target that dandruff. And I'm telling you right now, these are still hydrating and it still does the job. I recommend 100%. Plus, it's affordable and it doesn't make your hair feel like string after you use them, which I find a lot of not all of them. Some anti-dandruff shampoos I've tried where my hair felt like string after. If you have keratosis ploris or if you have rough and bumpy skin, this is their S-A skin renewing lotion. I'm telling you, it's amazing and it also exfoliates your entire body. I love it. Their baby line is one of the only lines I use for my two toddlers. I've used this one. There were newborns when there were babies. Now, one's four and one's two years old and this is what I've used and it works. Their vitamin C, I finished it. I don't have it with me, but it's one of the best drugstore vitamin C's to use. It has hydronic acid, ceramides, and of course the 10% vitamin C. I use this all the time because I do have eczema. I itch and you don't want to itch when you have eczema because it's going to make it worse. This literally stops it from itching. It's the servey anti-inch cream and I'm telling you it works. And I'm very sad that I finished it last week.","I have tried nearly all the products from CeraVe and here are my all-time favorite products from the brand from a medical statistician. First up is the CeraVe ointment I use this for everything. chapped lips, you got it. Chafing, you got it. You want a slug, you got it. Rashes, eczema, literally everything. The CeraVe skin renewing that cream is one of the best creams to use if you have mature skin, if you really want to target those spines and wrinkles. Plus, it's so affordable, one of my favorite recommendations. This is their anti-dandruff shampoo and their anti-dandruff conditioner. I know how hard it is to find a really good shampoo and conditioner that's really going to target that dandruff. And I'm telling you right now, these are still hydrating and it still does the job. I recommend 100%. Plus, it's affordable and it doesn't make your hair feel like string after you use them, which I find a lot of not all of them. Some anti-dandruff shampoos I've tried where my hair felt like string after. If you have keratosis pilaris or if you have rough and bumpy skin, this is their S-A skin renewing lotion. I'm telling you, it's amazing and it also exfoliates your entire body. I love it. Their baby line is one of the only lines I use for my two toddlers. I've used this one. There were newborns when there were babies. Now, one's four and one's two years old and this is what I've used and it works. Their vitamin C, I finished it. I don't have it with me, but it's one of the best drugstore vitamin C's to use. It has hyaluronic acid, ceramides, and of course the 10% vitamin C. I use this all the time because I do have eczema. I itch and you don't want to itch when you have eczema because it's going to make it worse. This literally stops it from itching. It's the CeraVe anti-itch cream and I'm telling you it works. And I'm very sad that I finished it last week.",en,success,,1.0,112.99,surprise,0.3173,uncertain,50,5,4/5,0.1336,ElenaRyumina/face_emotion_recognition,
https://www.tiktok.com/@kendrathemom_/video/7295808298274671877,"The difference between these two Cerave cleansers! What product should I do next
#kendrathemom #skincarereviews #brandreview #cerave",4192,neutral,data\videos\video_033.mp4,data\audios\video_033.mp3,"I want to talk about the difference between the cerevy hydrating cleanser and the cerevy foaming cleanser. First up, we should talk about what cleanser should you use for your skin type. If you have dry to sensitive skin, I would recommend using the hydrating cleanser. If you have combination to oily skin, I would recommend using the foaming cleanser. The hydrating cleanser has three essential ceramides and hyaluronic acid. It's also very creamy and melky and it goes on very soft. It feels like lotion on the skin. It's also not going to strip your skin, especially if you have sensitive skin, it's going to protect the skin barrier. So it's amazing. The foaming cleanser has three essential ceramides, hyaluronic acid and niacinamide. Niacinamide helps control the oil production in your skin. So it's amazing for oily skin. It's also great for combination skin. So because it has hyaluronic acid and it also has three essential ceramides, it's amazing for that dry skin as well. Because when you have combination skin, you have two more skin types in one dry skin and you have oily skin. So it'll also be great for that. So with the foaming cleanser, it comes out clear and once you put it under water, it'll turn like foaming. Have that foaming texture. Still nothing because I don't have water. And this is what it looks like when you run it underneath water. It's foamy and it won't strip your skin as well.","I want to talk about the difference between the cerevy hydrating cleanser and the cerevy foaming cleanser. First up, we should talk about what cleanser should you use for your skin type. If you have dry to sensitive skin, I would recommend using the hydrating cleanser. If you have combination to oily skin, I would recommend using the foaming cleanser. The hydrating cleanser has three essential ceramides and hyaluronic acid. It's also very creamy and melky and it goes on very soft. It feels like lotion on the skin. It's also not going to strip your skin, especially if you have sensitive skin, it's going to protect the skin barrier. So it's amazing. The foaming cleanser has three essential ceramides, hyaluronic acid and niacinamide. Niacinamide helps control the oil production in your skin. So it's amazing for oily skin. It's also great for combination skin. So because it has hyaluronic acid and it also has three essential ceramides, it's amazing for that dry skin as well. Because when you have combination skin, you have two more skin types in one dry skin and you have oily skin. So it'll also be great for that. So with the foaming cleanser, it comes out clear and once you put it under water, it'll turn like foaming. Have that foaming texture. Still nothing because I don't have water. And this is what it looks like when you run it underneath water. It's foamy and it won't strip your skin as well.",en,success,,1.0,108.2,surprise,0.3943,uncertain,50,5,5/5,0.1928,ElenaRyumina/face_emotion_recognition,
https://www.tiktok.com/@akwaugoj/video/7563696105540619541,"Skincare Review PT.1: Cerave Foaming Cleanser. This cleanser works well for normal to oily skin. Since I now have a oily-combination skin, my skin loves it. @CeraVe
#cerave #ceravefoamingcleanser #cleanserreview #ceravecleanser
Have you used this cleanser before? Let me know your thoughts…
Cerave Exfoliating Cleanser
Cerave Face Wash
Cerave Cleanser Burning
Cerave Sa Cleanser
Cerave Facial Cleanser Recall
Cerave Soothing Face Cleanser
Cerave Cleanser Ad
Cerave Foaming Cleanser
Cerave Cleanser and Moisturizer
Cerave Renewing Sa Cleanser
Cerave Foaming Cleanser Review for Oily Skin
Discover the benefits of the Cerave Foaming Cleanser for oily skin in this review! Share your experiences with this product. #cerave #cleanserreview",4831,positive,data\videos\video_034.mp4,data\audios\video_034.mp3,"Don't buy this cleanser. I repeat, don't buy this therapy for me cleanser if you know that you have a dry skin. This is a therapy for me cleanser with essential ceramite, nice and amite and hyaluronic acid. This cleanser is for normal to oily skin. As you all know, I have a combination skin and I've been using this cleanser for two weeks, about two weeks right now. And honestly, my skin loves it. It's not too dry and it is not too greasy. It just feels balanced like the right amount of balance. As you can see, I don't have like any new breakouts on my face. Like I said earlier, this cleanser has nice and amite, which helps with all your control and skin repair. I want in our advice if there is a cleanser is don't overload your routine with other nice and amite products. Like don't use too much nice and amite products in the same routine with this cleanser. Because obviously it will be too much and it can break you out. Besides that, it is very simple. It is very effective and my skin absolutely loves it. Thank you, Sarabi. Let me know your thoughts if you have used this cleanser before in the comments and I'll see you in my next video. Okay, bye.","Don't buy this cleanser. I repeat, don't buy this therapy for me cleanser if you know that you have a dry skin. This is a therapy for me cleanser with essential ceramite, nice and amite and hyaluronic acid. This cleanser is for normal to oily skin. As you all know, I have a combination skin and I've been using this cleanser for two weeks, about two weeks right now. And honestly, my skin loves it. It's not too dry and it is not too greasy. It just feels balanced like the right amount of balance. As you can see, I don't have like any new breakouts on my face. Like I said earlier, this cleanser has nice and amite, which helps with all your control and skin repair. I want in our advice if there is a cleanser is don't overload your routine with other nice and amite products. Like don't use too much nice and amite products in the same routine with this cleanser. Because obviously it will be too much and it can break you out. Besides that, it is very simple. It is very effective and my skin absolutely loves it. Thank you, Sarabi. Let me know your thoughts if you have used this cleanser before in the comments and I'll see you in my next video. Okay, bye.",en,success,,1.0,65.67,happiness,0.5201,uncertain,50,5,5/5,0.3362,ElenaRyumina/face_emotion_recognition,
https://www.tiktok.com/@itsbeverlysworld/video/7637595685910613262,"even if a product is bad, i will always be honest with yall!! and this is just not great under makeup, so i am not a fan of it
#GiftedByCeraVe #CeraVeMineralSunscreen #complimentary #CeraVe @influenster",1387,negative,data\videos\video_035.mp4,data\audios\video_035.mp3,"Here's the thing, if a brand sends me a product to review, it better be good because I would never lie to you guys. And I'm sorry, but this sunscreen just was not it. I think this would be perfect for someone who doesn't wear makeup, but it lays so horribly under makeup. And even like to the point where I would put it on, I couldn't even put my brow gel on top of it without it getting like those white chunks and like it would just look bad. And my skin looks dry, like when I put makeup on top. This is just, I think this would be great for like poolside for a gal who wears no makeup. I think it's amazing, it has no white cast whatsoever. Oh, I didn't even say, this is a survey invisible mineral sunscreen, SPF 50. It is invisible, no white cast whatsoever. I might keep this around for days that I don't wear makeup, but I wear makeup six or seven times a week. So like this just really, I don't force myself using this up before it expires. So you might have to say goodbye to her. So sorry, survey, love ya, don't love this.","Here's the thing, if a brand sends me a product to review, it better be good because I would never lie to you guys. And I'm sorry, but this sunscreen just was not it. I think this would be perfect for someone who doesn't wear makeup, but it lays so horribly under makeup. And even like to the point where I would put it on, I couldn't even put my brow gel on top of it without it getting like those white chunks and like it would just look bad. And my skin looks dry, like when I put makeup on top. This is just, I think this would be great for like poolside for a gal who wears no makeup. I think it's amazing, it has no white cast whatsoever. Oh, I didn't even say, this is a CeraVe invisible mineral sunscreen, SPF 50. It is invisible, no white cast whatsoever. I might keep this around for days that I don't wear makeup, but I wear makeup six or seven times a week. So like this just really, I don't force myself using this up before it expires. So you might have to say goodbye to her. So sorry, CeraVe, love ya, don't love this.",en,success,,1.0,51.64,surprise,0.2765,uncertain,50,5,3/5,0.0287,ElenaRyumina/face_emotion_recognition,
https://www.tiktok.com/@terreetaughtme/video/7511577568181521706,If you want to noticeably repair your skin barrier overnight THIS is all you need 🙂‍↕️✨ @CeraVe #fyp #foryou #cerave #ceramides #dryskin #slugging #aquaphor #overnightmask #glasskin #beautytips,3826,positive,data\videos\video_036.mp4,data\audios\video_036.mp3,"I'm about to put you on to one product that's going to transform your skin literally overnight. This is for the girl you want to wake up with the most hydrated, juiciest, supple skin of their lives. You're going to do your nighttime skincare routine as normal after you're going with your moisturizer. I'm going to go in with a nice thick layer of the Saraty healing ointment. So I'm going to product I absolutely swear by and any of my friends that I've put onto this will 100% tell you it is worth the hype. The healing ointment that's loaded with ceramides that are going to repair your skin barrier overnight. So basically it's going to help lock in all of the skincare that you applied before. And now looking at this product, you're immediately thinking, girl, this is going to clog my pores. Now worries, this is specifically formulated to not clog your pores. To say for acne prone skin, my eczema girl leaves my sensitive skin girl leaves especially are going to love this. I do this almost every night in my skin care routine, but especially on the night where my skin needs a little extra love. No, it's not going to run your cheats or your pillows, but it is going to give you the juiciest skin when you wake up in the morning. Also love using this as a hand treatment because my hands get super, super dry. This one's hub right here has so many benefits for soothing and protecting your skin's barrier. And she's a tortable. This is literally a non-negotiable in my nighttime skin care routine.","I'm about to put you on to one product that's going to transform your skin literally overnight. This is for the girl you want to wake up with the most hydrated, juiciest, supple skin of their lives. You're going to do your nighttime skincare routine as normal after you're going with your moisturizer. I'm going to go in with a nice thick layer of the Saraty healing ointment. So I'm going to product I absolutely swear by and any of my friends that I've put onto this will 100% tell you it is worth the hype. The healing ointment that's loaded with ceramides that are going to repair your skin barrier overnight. So basically it's going to help lock in all of the skincare that you applied before. And now looking at this product, you're immediately thinking, girl, this is going to clog my pores. Now worries, this is specifically formulated to not clog your pores. To say for acne prone skin, my eczema girl leaves my sensitive skin girl leaves especially are going to love this. I do this almost every night in my skincare routine, but especially on the night where my skin needs a little extra love. No, it's not going to run your cheats or your pillows, but it is going to give you the juiciest skin when you wake up in the morning. Also love using this as a hand treatment because my hands get super, super dry. This one's hub right here has so many benefits for soothing and protecting your skin's barrier. And she's a tortable. This is literally a non-negotiable in my nighttime skincare routine.",en,success,,1.0,68.59,happiness,0.6603,success,50,5,5/5,0.5333,ElenaRyumina/face_emotion_recognition,
https://www.tiktok.com/@mellsdiary/video/7275053109515242784,Is CeraVe moisturising cream good for your skin? what should I do next,240,neutral,data\videos\video_037.mp4,data\audios\video_037.mp3,Let's test your Ravi moisturizing cream. Ph testing paper. Let's see the Ph. Ph is 6. Good for your skin.,Let's test your Ravi moisturizing cream. Ph testing paper. Let's see the Ph. Ph is 6. Good for your skin.,en,success,,1.0,12.4,no_face,0.0,no_face,0,0,0/0,0.0,ElenaRyumina/face_emotion_recognition,
https://www.tiktok.com/@darkskinprince_/video/7592050216291814711,skincare# fyp# 😀 ??Which one yall picking up skincareproduct# skincaretips# CeraVe@ darkskinprince#,7976,neutral,data\videos\video_038.mp4,data\audios\video_038.mp3,"So which cleanser is best for your skin? Well, let's find out. Starting off with the forming facial cleansing. Now this bad boy right here is best used for people with oily and acne prone skin. So what it does is it foams up or removes any excess oil without stripping your face. So if you get shinier, break out easily, this one's for you. Next what we have is the hydrating facial cleansing. Now this one right here is for people with dry and sensitive skin. This one does not foam up, it's super gentle and keeps you skin moisturized. So if your skin feels flaky or irritated, use this one right here. And lastly we have the renewing essay cleanser. essay is short for salicylic acid. So this one's best for people with textured skin, bumps or just clocked pores. Since it has salicylic acid, it also gently exfoliates. So it's also great for rough skin, blackheads or body acne, but just don't overuse it. If your skin is oily, use the foaming facial cleanser. If it's dry, use the hydrating facial cleanser. And if you have bumpy or clocked pores, use the renewing essay cleanser. Anyways, I hope you guys enjoyed. Like and follow for more. Deuces.","So which cleanser is best for your skin? Well, let's find out. Starting off with the forming facial cleansing. Now this bad boy right here is best used for people with oily and acne prone skin. So what it does is it foams up or removes any excess oil without stripping your face. So if you get shinier, break out easily, this one's for you. Next what we have is the hydrating facial cleansing. Now this one right here is for people with dry and sensitive skin. This one does not foam up, it's super gentle and keeps you skin moisturized. So if your skin feels flaky or irritated, use this one right here. And lastly we have the renewing essay cleanser. essay is short for salicylic acid. So this one's best for people with textured skin, bumps or just clocked pores. Since it has salicylic acid, it also gently exfoliates. So it's also great for rough skin, blackheads or body acne, but just don't overuse it. If your skin is oily, use the foaming facial cleanser. If it's dry, use the hydrating facial cleanser. And if you have bumpy or clocked pores, use the renewing essay cleanser. Anyways, I hope you guys enjoyed. Like and follow for more. Deuces.",en,success,,1.0,55.36,surprise,0.2809,uncertain,10,1,1/1,0.0478,ElenaRyumina/face_emotion_recognition,
https://www.tiktok.com/@exploringholistically/video/7490663346824465710,CeraVe This has gotta be the worst sunscreen I've ever tried. It did not rub in at all. Any rosacea friendly / demodex mite friendly sunscreen recommendations?,502,negative,data\videos\video_039.mp4,data\audios\video_039.mp3,"It's temporarily giving up on my non-toxic skincare to try and clear my potential Demadex mites, and I tried this on screen. I look, this has got to be the worst finish to a sunscreen I've ever used in my life. Like, it is so mad. It like is not rubbing in well. Like, you can literally... I don't know. It's in my eyebrow. Like, this is the worst. It is, this is horrific. I'm like, is this even worth like trying to get used to because this sunscreen is terrible. Like number one, I look like a ghost now. Yeah, I don't really know about this. And I mean, I do know zinc sunscreens like can make you like skin a lot more white. Like they don't rub in. They'll leave like a white cast. But guys, I don't know if I can go out on public. Like, can we look at this? Why? I don't know. This is horrific. Like, I look like Casper. I don't know if this sunscreen is given worth trying. Like, getting used to. This is... terrible.","It's temporarily giving up on my non-toxic skincare to try and clear my potential Demadex mites, and I tried this on screen. I look, this has got to be the worst finish to a sunscreen I've ever used in my life. Like, it is so mad. It like is not rubbing in well. Like, you can literally... I don't know. It's in my eyebrow. Like, this is the worst. It is, this is horrific. I'm like, is this even worth like trying to get used to because this sunscreen is terrible. Like number one, I look like a ghost now. Yeah, I don't really know about this. And I mean, I do know zinc sunscreens like can make you like skin a lot more white. Like they don't rub in. They'll leave like a white cast. But guys, I don't know if I can go out on public. Like, can we look at this? Why? I don't know. This is horrific. Like, I look like Casper. I don't know if this sunscreen is given worth trying. Like, getting used to. This is... terrible.",en,success,,1.0,92.65,surprise,0.2999,uncertain,50,5,4/5,0.0497,ElenaRyumina/face_emotion_recognition,
https://www.tiktok.com/@chinnyama/video/7450722954503032106,cerave facial cleanser for your skin type #creatorsearchinsights #skincareroutine #facialcleanser #cerave #cleanser #CeraVe #skincare101,635,neutral,data\videos\video_040.mp4,data\audios\video_040.mp3,"I want you guys to know the difference between the survey hydrates in facial cleanser and the survey cream to foam cleanser. The hydrates in facial cleanser is for those with sensitive skin and for those with dry skin. If you look at it, you see more strawberries. Why the cream to foam cleanser is for those that wear makeup? Because when you use it, you don't have to double cleanse. But even though they are both for normal to dry skin and they are both hydrates in, I want you to know that if you use a cleanse that has foam, that foam has the tendency to dry as moisture from your skin. So if you have to choose between the put of them, I have a very dry skin. Go for the hydrates in facial cleanser.","I want you guys to know the difference between the CeraVe hydrates in facial cleanser and the CeraVe cream to foam cleanser. The hydrates in facial cleanser is for those with sensitive skin and for those with dry skin. If you look at it, you see more strawberries. Why the cream to foam cleanser is for those that wear makeup? Because when you use it, you don't have to double cleanse. But even though they are both for normal to dry skin and they are both hydrates in, I want you to know that if you use a cleanse that has foam, that foam has the tendency to dry as moisture from your skin. So if you have to choose between the put of them, I have a very dry skin. Go for the hydrates in facial cleanser.",en,success,,1.0,44.44,neutral,0.2575,uncertain,40,4,2/4,0.1018,ElenaRyumina/face_emotion_recognition,
https://www.tiktok.com/@oliviarhyin/video/7537456648680525086,My favorite face wash 🫧#facewash #skincareroutine #skincare #creatorsearchinsights #cerave #fyp @CeraVe,99,positive,data\videos\video_041.mp4,data\audios\video_041.mp3,"Okay, hi, I just wanted to share about one of my skincare favorites. I have acne sensitive skin, but this does not make me break out at all, and if anything it helps it. I give all things to the ceremony, filming face cleanser, and I've been using it for probably half a decade now, and my skin doesn't ever look clear, go buy it.","Okay, hi, I just wanted to share about one of my skincare favorites. I have acne sensitive skin, but this does not make me break out at all, and if anything it helps it. I give all things to the ceremony, filming face cleanser, and I've been using it for probably half a decade now, and my skin doesn't ever look clear, go buy it.",en,success,,1.0,13.19,neutral,0.2579,uncertain,50,5,3/5,-0.0203,ElenaRyumina/face_emotion_recognition,
https://www.tiktok.com/@bettistringfellow/video/7068086239416716591,ShowUsYourDrawers# cerave# I wanted to love it CeraVe@ horrorstory# growthcontent# fashionblogger# tiktokgrowthtips# productsidontlike#,530,negative,data\videos\video_042.mp4,data\audios\video_042.mp3,"Okay, so if you watched my holta haul then you will know that I talked about my face wash That was literally burning my face and stinging and I just wanted to show you how red My face is and it's like warm to the touch and it's been like that all day In my last two videos you can kind of tell like how red my face has been and like compared to my neck It's so red and like I'm not hot or I haven't been outside to get like windburn or anything But this is the face wash that I have been using and I wanted to love it when I bought it And I really love like the texture and everything of it, but it like literally burns my face So I used to last night and I used it this morning and then after while like while I'm watching my face My face will burn and then when I put on my SPF moisturizer my face would burn so I know it's not my moisturizer because my face was burning before I even put that on So the only thing I corrected down to was this face wash and I've like tested it in the past week So yeah, those for you asking that was the face wash","Okay, so if you watched my holta haul then you will know that I talked about my face wash That was literally burning my face and stinging and I just wanted to show you how red My face is and it's like warm to the touch and it's been like that all day In my last two videos you can kind of tell like how red my face has been and like compared to my neck It's so red and like I'm not hot or I haven't been outside to get like windburn or anything But this is the face wash that I have been using and I wanted to love it when I bought it And I really love like the texture and everything of it, but it like literally burns my face So I used to last night and I used it this morning and then after while like while I'm watching my face My face will burn and then when I put on my SPF moisturizer my face would burn so I know it's not my moisturizer because my face was burning before I even put that on So the only thing I corrected down to was this face wash and I've like tested it in the past week So yeah, those for you asking that was the face wash",en,success,,1.0,58.33,neutral,0.304,uncertain,50,5,2/5,0.0343,ElenaRyumina/face_emotion_recognition,
https://www.tiktok.com/@tamunoabbey/video/7616394878360096022,CeraVe Invisible Hydrating Fluid Sunscreen SPF 50 on Dark Skin - It leaves a cast - It stings my eyes - It pills #cerave #sunscreen #sunscreenviral,13100,negative,data\videos\video_043.mp4,data\audios\video_043.mp3,"Oh my god! The worst is happening right now. Today I'm testing Saravi Invisible Hydrating Fluid SPF50. Let's see what kind of hydrating this one is. Because this is a chemical sunscreen, I don't expect it to leave a cast on my skin. I just told you guys that this would not leave a cast on my face right. Guess we just checked the sunscreen feel best. I did. Even all T150, TNS of S, Avo Benzone, Enzo Lizzo, TNS of M, and even all A+. TNS of M will always leave a cast on my skin. Oh my days. Oh my god! The worst is happening right now. It is peeling. I have no single product on my face. I'm going to go to the bathroom to take this off. I'll come back to apply it again and we'll see.","Oh my god! The worst is happening right now. Today I'm testing Saravi Invisible Hydrating Fluid SPF50. Let's see what kind of hydrating this one is. Because this is a chemical sunscreen, I don't expect it to leave a cast on my skin. I just told you guys that this would not leave a cast on my face right. Guess we just checked the sunscreen feel best. I did. Even all T150, TNS of S, Avo Benzone, Enzo Lizzo, TNS of M, and even all A+. TNS of M will always leave a cast on my skin. Oh my days. Oh my god! The worst is happening right now. It is peeling. I have no single product on my face. I'm going to go to the bathroom to take this off. I'll come back to apply it again and we'll see.",en,success,,1.0,56.05,sadness,0.2772,uncertain,50,5,3/5,0.0592,ElenaRyumina/face_emotion_recognition,
https://www.tiktok.com/@meredithmlynch/video/6961509061661560070,,15500,neutral,data\videos\video_044.mp4,data\audios\video_044.mp3,"Dermatologists wear by it. I use their products every single day. They're super affordable, but not all the products are created equal. Let's rate some survey products. I use the survey dealing moisturizing lotion every single day for both my face and my body. I use it on my face every single night. If I could only have one moisturizer moving forward, this would be at 10 out of 10 obsessed. We all know that SPF is the most important part of any skincare routine or makeup or anything routine. So I am disappointed to say I don't love the survey facial moisturizing lotion. It stings, it burns my eyes, it has a pretty bad white cast. It does have SPF in it though, so like it does do the job. So I'm going to give it like a 4 out of 10, but there's just so many better SPF out there on the art market for like similar price. I would recommend the sun bump. I love the survey skin renewing night cream. 8 out of 10 because it does have a little bit of a tingle sometimes, but it's a dupe for the summer Fridays to have like mask. Like you comment if you want part.","Dermatologists wear by it. I use their products every single day. They're super affordable, but not all the products are created equal. Let's rate some CeraVe products. I use the CeraVe dealing moisturizing lotion every single day for both my face and my body. I use it on my face every single night. If I could only have one moisturizer moving forward, this would be at 10 out of 10 obsessed. We all know that SPF is the most important part of any skincare routine or makeup or anything routine. So I am disappointed to say I don't love the CeraVe facial moisturizing lotion. It stings, it burns my eyes, it has a pretty bad white cast. It does have SPF in it though, so like it does do the job. So I'm going to give it like a 4 out of 10, but there's just so many better SPF out there on the art market for like similar price. I would recommend the sun bump. I love the CeraVe skin renewing night cream. 8 out of 10 because it does have a little bit of a tingle sometimes, but it's a dupe for the summer Fridays to have like mask. Like you comment if you want part.",en,success,,1.0,59.12,anger,0.2165,uncertain,50,5,2/5,-0.0513,ElenaRyumina/face_emotion_recognition,
https://www.tiktok.com/@sdcfvv543/video/7184138389476691242,"CeraVe Moisturizing Cream broke me out so badly. Back to my trusty Vanicream Daily Facial Moisturizer until this clears up!

#skincare #cerave #skincare #beauty #acne #skincareroutine #beautyroutine #dermatology #accutane #acnetreatment",3673,negative,data\videos\video_045.mp4,data\audios\video_045.mp3,"Okay, through the process of elimination and the fact that I only tried one new product, I have determined what is the culprit of the worst breakout I've had since I got off Accutane a decade ago. It is this shit. I will not be throwing it away. It will be downgraded to a buck cream and I will be back to using this, which is my holy grail. It's not really moisturizing enough for the winter. I love it for the rest of the year, but I will just have to deal for now. Luckily, I'm going to my Florida house in like two weeks, so my skin will be better for that time, but I'll have to find something else once this all clears up. Because the vanacream is just not moisturizing enough for the winter in Boston.","Okay, through the process of elimination and the fact that I only tried one new product, I have determined what is the culprit of the worst breakout I've had since I got off Accutane a decade ago. It is this shit. I will not be throwing it away. It will be downgraded to a buck cream and I will be back to using this, which is my holy grail. It's not really moisturizing enough for the winter. I love it for the rest of the year, but I will just have to deal for now. Luckily, I'm going to my Florida house in like two weeks, so my skin will be better for that time, but I'll have to find something else once this all clears up. Because the vanacream is just not moisturizing enough for the winter in Boston.",en,success,,1.0,48.79,disgust,0.1919,uncertain,50,5,2/5,0.0122,ElenaRyumina/face_emotion_recognition,
https://www.tiktok.com/@mediaxmichell/video/7533424590492683551,"moisturizer #acne #acneproneskin
!!!always helping me out CeraVe@
#acneproneskincare #dryskin #moisturizer
#ceravepartner #cerave #skincare",281,positive,data\videos\video_046.mp4,data\audios\video_046.mp3,"Okay, as an acne prone girly, I wanted to share two of my favorite moisturizers. It's basically the same moisturizer, but in two different containers. It's to share a very moisturizing cream. And then I have it in this size that you can get. Honestly, it's my favorite moisturizer, the best moisturizer you can get on the market. To not attend, it's thick. If you're an acne girly, I highly recommend.","Okay, as an acne prone girly, I wanted to share two of my favorite moisturizers. It's basically the same moisturizer, but in two different containers. It's to share a very moisturizing cream. And then I have it in this size that you can get. Honestly, it's my favorite moisturizer, the best moisturizer you can get on the market. To not attend, it's thick. If you're an acne girly, I highly recommend.",en,success,,1.0,28.0,neutral,0.2161,uncertain,50,5,3/5,-0.1033,ElenaRyumina/face_emotion_recognition,
https://www.tiktok.com/@sandyesprit/video/7640832554945219860,"#creatorsearchinsights @cerave cleanser guide for every skin type 🫧 Which CeraVe cleanser is actually worth it for oily skin, dry skin, acne-prone skin, sensitive skin, or combination skin? I tested and compared the most popular CeraVe cleansers so you can find the best face wash for your skincare needs without wasting money 👀 From hydrating cleansers to foaming cleansers and acne control cleansers, here’s what worked, what didn’t, and which one might be your perfect match ✨ #CeraVe #CeraVeCleanser #SkincareReview #BestCleanser",283,neutral,data\videos\video_047.mp4,data\audios\video_047.mp3,"Trying to figure out what ceramic cleanser is for you? Well, use the hydrating cleanser if your skin feels tight after washing, your dryer sensitive, or you just want your skin to feel clean without that stripped feeling. Use the foaming cleanser if you're oily combo or your face turns into an oil slick by noon. Use the SA cleanser if you have rough texture, fog pores, tiny bumps, or you want smoother skin without using a harsh scrub. Use the acne cleanser if you're constantly dealing with breakout, painful pimples, or stubborn pimples that just keeps coming back. And no, just because a cleanser point viable does not mean that it's the perfect cleanser for your skin.","Trying to figure out what ceramic cleanser is for you? Well, use the hydrating cleanser if your skin feels tight after washing, your dryer sensitive, or you just want your skin to feel clean without that stripped feeling. Use the foaming cleanser if you're oily combo or your face turns into an oil slick by noon. Use the SA cleanser if you have rough texture, fog pores, tiny bumps, or you want smoother skin without using a harsh scrub. Use the acne cleanser if you're constantly dealing with breakout, painful pimples, or stubborn pimples that just keeps coming back. And no, just because a cleanser point viable does not mean that it's the perfect cleanser for your skin.",en,success,,1.0,35.16,neutral,0.2425,uncertain,10,1,1/1,0.0774,ElenaRyumina/face_emotion_recognition,
https://www.tiktok.com/@once_upon_alifetime/video/7618488747872603414,"this product is my go to and I will always repurchase!

💙 Simple skincare that actually works

The CeraVe Moisturising Cream has been my go-to moisturiser for morning and night. It’s gentle, fragrance-free, and keeps my skin feeling hydrated and comfortable all day. Sometimes the basics really are the best.
@CeraVeUKI

#cerave #skincareroutine #dailyskincare #hydratedskin",20,positive,data\videos\video_048.mp4,data\audios\video_048.mp3,"Okay, we need to talk about this. The Saravé moisturizing cream for dry to dry skin. This is my absolute must have and I cannot be without it. This is super simple, but it really works. This moisturizer is fragrance-free and has essential ceramides and hyaluronic acid. It is so good for keeping your skin healthy and hydrated. I have combination skin, so I'm greasy in some areas and very dry in others. This cream works so well at keeping my skin hydrated all day, but it doesn't leave it feeling oily at all. I apply this twice a day after my serums and it sets really well under makeup. If you're looking for a simple, affordable, really good moisturizer, then you need to give this a go. I genuinely don't think I could live without it.","Okay, we need to talk about this. The Saravé moisturizing cream for dry to dry skin. This is my absolute must have and I cannot be without it. This is super simple, but it really works. This moisturizer is fragrance-free and has essential ceramides and hyaluronic acid. It is so good for keeping your skin healthy and hydrated. I have combination skin, so I'm greasy in some areas and very dry in others. This cream works so well at keeping my skin hydrated all day, but it doesn't leave it feeling oily at all. I apply this twice a day after my serums and it sets really well under makeup. If you're looking for a simple, affordable, really good moisturizer, then you need to give this a go. I genuinely don't think I could live without it.",en,success,,1.0,46.44,neutral,0.2864,uncertain,50,5,2/5,0.0764,ElenaRyumina/face_emotion_recognition,
https://www.tiktok.com/@.kianamcgowan/video/7492547543990045983,"Help, What does this mean? Just expired or?",76,negative,data\videos\video_049.mp4,data\audios\video_049.mp3,"Okay, hello. Somebody helped me. Anybody else have this? And I don't like broccoli. I've had it for exactly a year and three weeks. Oh, dude, it actually, it's okay, ignore that. Gross, no, it's close. I was like, I'm makeup and like, it sits in my shower. But it smells like broccoli and there's no like visible like mold or anything. Like it literally just smells disgusting. And this like happened like over like a week span because at first I was like, it kind of smells bad. But then it does like non-tripping. I didn't use it for a couple days. Came back to it last night and it smelled like actually like, you know when your mom like steams broccoli in the house? It's like the entire house. I think it smells like broccoli. Like it was disgusting. So, I'm kidding guys. Carlos, would you agree? It smells like shit. Okay, there you go.","Okay, hello. Somebody helped me. Anybody else have this? And I don't like broccoli. I've had it for exactly a year and three weeks. Oh, dude, it actually, it's okay, ignore that. Gross, no, it's close. I was like, I'm makeup and like, it sits in my shower. But it smells like broccoli and there's no like visible like mold or anything. Like it literally just smells disgusting. And this like happened like over like a week span because at first I was like, it kind of smells bad. But then it does like non-tripping. I didn't use it for a couple days. Came back to it last night and it smelled like actually like, you know when your mom like steams broccoli in the house? It's like the entire house. I think it smells like broccoli. Like it was disgusting. So, I'm kidding guys. Carlos, would you agree? It smells like shit. Okay, there you go.",en,success,,1.0,65.39,neutral,0.2512,uncertain,40,4,2/4,0.028,ElenaRyumina/face_emotion_recognition,
https://www.tiktok.com/@skincareaddictionn/video/6956324946633166085,Ranking Cera Ve cleansers for normal/oily skin #skincarebyhyram #cleanser #skincare #cerave #skintok #happyskin #skincareaddict,1818,neutral,data\videos\video_050.mp4,data\audios\video_050.mp3,Drinking every survey cleanser from best tours for my skin height which is normal to oily skin. The worst one for my skin type is a hydrating facial cleanser from survey. It just didn't do enough for me and it didn't leave my skin feeling clean. The foaming cleanser's neck stay was fine and it worked where it was very basic. Next the renewing salsa gasered cleanser it really helped with texture. This is such an underrated survey cleanser it has venousal peroxide which can actually help so much with acne and it's in a cleanser form so it isn't very harsh. My absolute favorite cleanser from survey is their cream to film cleanser. It has salicylic acid and lactic acid which can gently exfoliate the skin but it's not stripping at all and it's very gentle. This is definitely a product that's really good for oily skin even though the packaging says normal to dry.,Drinking every CeraVe cleanser from best tours for my skin height which is normal to oily skin. The worst one for my skin type is a hydrating facial cleanser from CeraVe. It just didn't do enough for me and it didn't leave my skin feeling clean. The foaming cleanser's neck stay was fine and it worked where it was very basic. Next the renewing salsa gasered cleanser it really helped with texture. This is such an underrated CeraVe cleanser it has venousal peroxide which can actually help so much with acne and it's in a cleanser form so it isn't very harsh. My absolute favorite cleanser from CeraVe is their cream to film cleanser. It has salicylic acid and lactic acid which can gently exfoliate the skin but it's not stripping at all and it's very gentle. This is definitely a product that's really good for oily skin even though the packaging says normal to dry.,en,success,,1.0,49.88,neutral,0.2659,uncertain,50,5,2/5,0.0453,ElenaRyumina/face_emotion_recognition,
